Designator,Mid X,Mid Y,Rotation,Layer
BT1,100.3175,-68.65935,0.0,top
D1,86.3025,-77.70565,90.0,top
D2,114.3025,-77.70565,90.0,top
R1,95.4925,-81.97565,0.0,top
R2,105.4925,-81.97565,180.0,top
